category_id,base10,image_count
0,0,0
1,3.194557699790146,64
2,2.439636290124977,364
3,1.7194769867190203,1911
4,2.827551405361759,149
5,3.538339675875077,29
6,3.5857643258032152,26
7,3.2298856621318888,59
8,3.658314992951827,22
9,3.9215564277264083,12
10,3.553579642431814,28
11,2.2974462956553716,505
12,1.919030403676684,1207
13,4.3986776824460705,4
14,4.000737673774033,10
15,2.3017676694380143,500
16,3.482223733896146,33
17,4.52361641905437,3
18,3.3572849972878456,44
19,2.251774812517872,561
20,4.097647686782089,8
21,4.046495164334709,9
22,3.482223733896146,33
23,1.7258873537573685,1883
24,3.0095115980815383,98
25,3.1556396337597765,70
26,3.337979842092459,46
27,2.9325518120278717,117
28,3.3879538170542975,41
29,1.8561634661644169,1395
30,4.155639633759776,7
31,5.000737673774033,1
32,2.503808025700818,314
33,3.5093759799397604,31
34,1.720842693762395,1905
35,1.7314582840021346,1859
36,1.7904191539478014,1623
37,3.328639815838316,47
38,4.52361641905437,3
39,4.52361641905437,3
40,5.000737673774033,1
41,2.5164378344272476,305
42,4.222586423390389,6
43,2.678518379040114,210
44,3.4444351730067457,36
45,1.7486131212683889,1787
46,3.7702887523957593,17
47,3.2931674976760967,51
48,2.8608585873727965,138
49,4.52361641905437,3
50,1.833420339025857,1470
51,4.52361641905437,3
52,4.699707678110052,2
53,2.731224729556117,186
54,3.119924081493242,76
55,3.5857643258032152,26
56,2.519295045271728,303
57,2.1326813119509915,738
58,1.745706510428482,1799
59,1.7142812040270503,1934
60,1.7941816296750037,1609
61,1.790686823898896,1622
62,3.3879538170542975,41
63,4.3986776824460705,4
64,3.959344988615808,11
65,2.5693739096150456,270
66,2.4579122468148533,349
67,3.3774883833761327,42
68,2.085337838561763,823
69,4.222586423390389,6
70,3.319496436398446,48
71,4.52361641905437,3
72,3.3774883833761327,42
73,3.620526432062427,24
74,3.7966176911181084,16
75,2.2189822991215644,605
76,2.190505155778949,646
77,1.753992964050192,1765
78,4.699707678110052,2
79,2.9038276607659768,125
80,1.8484493293909767,1420
81,2.8546096380957953,140
82,4.3986776824460705,4
83,2.492881802078202,322
84,3.2225864233903896,60
85,4.699707678110052,2
86,2.637125693881889,231
87,2.4782934402677133,333
88,1.7127121383856703,1941
89,2.4360716095219437,367
90,1.7169842904415067,1922
91,3.745465168670727,18
92,3.0922526548953835,81
93,5.000737673774033,1
94,1.7330966914281176,1852
95,2.367269218194447,430
96,2.6080407205143676,247
97,3.0276098201743347,94
98,3.678518379040114,21
99,1.7404277279791132,1821
100,3.7966176911181084,16
101,3.9215564277264083,12
102,3.6027976651019955,25
103,3.3879538170542975,41
104,2.613347847435304,244
105,4.155639633759776,7
106,5.000737673774033,1
107,3.398677682446071,40
108,3.398677682446071,40
109,2.9837043344752527,104
110,1.7777612238806417,1671
111,3.3105415937455196,49
112,2.615131400175721,243
113,4.699707678110052,2
114,2.616922307793602,242
115,2.5677683828996276,271
116,2.9837043344752527,104
117,4.097647686782089,8
118,1.75571880303628,1758
119,5.000737673774033,1
120,3.319496436398446,48
121,3.8546096380957953,14
122,3.398677682446071,40
123,5.000737673774033,1
124,3.432535949707038,37
125,1.8217607264808637,1510
126,4.222586423390389,6
127,1.7212988854870128,1903
128,3.1556396337597765,70
129,3.0662392225304655,86
130,4.155639633759776,7
131,4.301767669438014,5
132,1.8527523530902281,1406
133,1.72175555690859,1901
134,3.824646414718352,15
135,3.553579642431814,28
136,4.222586423390389,6
137,2.3070107248503864,494
138,2.6315218163638905,234
139,1.7169842904415067,1922
140,5.000737673774033,1
141,3.4566696294237578,35
142,4.301767669438014,5
143,1.7387614823762205,1828
144,4.097647686782089,8
145,3.2013971243204513,63
146,1.7785416274723131,1668
147,4.3986776824460705,4
148,3.0230140684851854,95
149,3.7702887523957593,17
150,1.8056686773054431,1567
151,4.699707678110052,2
152,2.987900449068861,103
153,3.3017676694380143,50
154,1.8837980272232773,1309
155,4.222586423390389,6
156,3.036949846428478,92
157,3.721984072821204,19
158,3.432535949707038,37
159,4.3986776824460705,4
160,2.150091438590967,709
161,4.046495164334709,9
162,3.0869238213903163,82
163,3.824646414718352,15
164,4.52361641905437,3
165,3.2154078387632663,61
166,3.2931674976760967,51
167,4.301767669438014,5
168,3.8867943214671965,13
169,2.19320264570518,642
170,3.620526432062427,24
171,2.594197493340078,255
172,4.046495164334709,9
173,1.7435392476346887,1808
174,3.5093759799397604,31
175,2.8020805868196104,158
176,3.0976476867820897,80
177,1.7256567753171745,1884
178,2.8020805868196104,158
179,4.699707678110052,2
180,3.9215564277264083,12
181,1.7808912877496725,1659
182,4.155639633759776,7
183,2.0795716231362946,834
184,3.244862818101542,57
185,2.7601884254914335,174
186,3.0230140684851854,95
187,3.5693739096150456,27
188,3.658314992951827,22
189,1.8574105437819868,1391
190,3.0464951643347082,90
191,3.398677682446071,40
192,2.3523776627931015,445
193,3.678518379040114,21
194,1.9468912469217805,1132
195,2.7527644074122266,177
196,4.3986776824460705,4
197,3.7702887523957593,17
198,3.0764583877121514,84
199,3.2603749842797893,55
200,3.523616419054371,30
201,3.6027976651019955,25
202,4.699707678110052,2
203,2.9038276607659768,125
204,1.9457418122448917,1135
205,3.721984072821204,19
206,3.143405177342765,72
207,1.7160813909855175,1926
208,2.7993405494535817,159
209,4.155639633759776,7
210,5.000737673774033,1
211,3.8867943214671965,13
212,3.4566696294237578,35
213,3.745465168670727,18
214,4.097647686782089,8
215,4.222586423390389,6
216,3.4566696294237578,35
217,1.9136664678674977,1222
218,2.987900449068861,103
219,3.553579642431814,28
220,3.2013971243204513,63
221,3.553579642431814,28
222,4.301767669438014,5
223,4.155639633759776,7
224,3.8546096380957953,14
225,1.7178890709393884,1918
226,2.876886032806947,133
227,3.7966176911181084,16
228,3.5693739096150456,27
229,2.959344988615808,110
230,1.723128459469942,1895
231,4.3986776824460705,4
232,1.7158559591185802,1927
233,4.097647686782089,8
234,5.000737673774033,1
235,2.5807819252842754,263
236,4.000737673774033,10
237,4.699707678110052,2
238,4.52361641905437,3
239,3.0612184211554148,87
240,4.046495164334709,9
241,3.149479325054958,71
242,3.8867943214671965,13
243,3.745465168670727,18
244,4.699707678110052,2
245,4.301767669438014,5
246,3.3475251599986895,45
247,5.000737673774033,1
248,3.6390098377564404,23
249,3.495587695454127,32
250,4.3986776824460705,4
251,5.000737673774033,1
252,2.0672503859253277,858
253,2.180536214288393,661
254,2.77542839204817,168
255,2.678518379040114,210
256,3.1878243171311778,65
257,4.3986776824460705,4
258,4.699707678110052,2
259,2.7993405494535817,159
260,3.5093759799397604,31
261,2.091716819562877,811
262,5.000737673774033,1
263,3.3774883833761327,42
264,3.5693739096150456,27
265,4.699707678110052,2
266,4.301767669438014,5
267,3.0230140684851854,95
268,3.495587695454127,32
269,5.000737673774033,1
270,5.000737673774033,1
271,1.7349767570564227,1844
272,2.0479452307299413,897
273,3.5093759799397604,31
274,3.6390098377564404,23
275,5.000737673774033,1
276,2.6953863043274096,202
277,2.1279988463013644,746
278,3.3572849972878456,44
279,3.8546096380957953,14
280,3.5857643258032152,26
281,5.000737673774033,1
282,4.699707678110052,2
283,3.6027976651019955,25
284,2.624160716717521,238
285,2.2284159670511134,592
286,3.5857643258032152,26
287,4.301767669438014,5
288,3.3774883833761327,42
289,3.8867943214671965,13
290,3.337979842092459,46
291,5.000737673774033,1
292,4.097647686782089,8
293,3.469258756731778,34
294,4.301767669438014,5
295,5.000737673774033,1
296,1.7286638862740233,1871
297,2.145218518106233,717
298,1.9964162999913906,1010
299,2.1688678994935313,679
300,4.52361641905437,3
301,4.3986776824460705,4
302,5.000737673774033,1
303,2.780629585733978,166
304,4.699707678110052,2
305,2.5758560371429664,266
306,2.996416299991391,101
307,4.222586423390389,6
308,3.8546096380957953,14
309,2.876886032806947,133
310,4.699707678110052,2
311,3.420954077157223,38
312,3.0230140684851854,95
313,5.000737673774033,1
314,3.9215564277264083,12
315,3.3105415937455196,49
316,4.301767669438014,5
317,4.301767669438014,5
318,3.7966176911181084,16
319,2.6662839226231023,216
320,3.9215564277264083,12
321,5.000737673774033,1
322,3.268343913951065,54
323,4.301767669438014,5
324,2.611571589409501,245
325,3.9215564277264083,12
326,4.155639633759776,7
327,3.4566696294237578,35
328,3.4444351730067457,36
329,3.495587695454127,32
330,1.9891672301767551,1027
331,4.000737673774033,10
332,3.9215564277264083,12
333,5.000737673774033,1
334,3.1746628710732065,67
335,3.149479325054958,71
336,3.523616419054371,30
337,3.319496436398446,48
338,2.6045383266782967,249
339,3.8867943214671965,13
340,3.538339675875077,29
341,3.8546096380957953,14
342,2.6278256708039267,236
343,3.824646414718352,15
344,1.8186084597210348,1521
345,3.6027976651019955,25
346,2.6045383266782967,249
347,2.857722873519938,139
348,4.699707678110052,2
349,4.699707678110052,2
350,1.7242758696007892,1890
351,1.907315988611798,1240
352,5.000737673774033,1
353,4.046495164334709,9
354,5.000737673774033,1
355,4.52361641905437,3
356,3.959344988615808,11
357,4.3986776824460705,4
358,2.6278256708039267,236
359,3.3572849972878456,44
360,3.721984072821204,19
361,1.959344988615808,1100
362,4.155639633759776,7
363,3.1618885830367778,69
364,4.699707678110052,2
365,4.097647686782089,8
366,4.301767669438014,5
367,2.6447118165809105,227
368,4.222586423390389,6
369,2.975431808509263,106
370,3.0922526548953835,81
371,3.7702887523957593,17
372,2.8736328754092257,134
373,2.5065830797555906,312
374,4.097647686782089,8
375,2.5677683828996276,271
376,4.699707678110052,2
377,2.987900449068861,103
378,1.7133839010592866,1938
379,2.24182578137606,574
380,2.9215564277264083,120
381,4.699707678110052,2
382,4.699707678110052,2
383,3.8867943214671965,13
384,3.538339675875077,29
385,1.7677415633818794,1710
386,3.1811937382321647,66
387,1.9972771416645267,1008
388,5.000737673774033,1
389,4.52361641905437,3
390,1.712488448202047,1942
391,3.721984072821204,19
392,1.8281347425641732,1488
393,3.337979842092459,46
394,2.975431808509263,106
395,2.9400398334204216,115
396,3.721984072821204,19
397,4.699707678110052,2
398,5.000737673774033,1
399,3.553579642431814,28
400,4.046495164334709,9
401,2.7174364450704838,192
402,3.9215564277264083,12
403,3.678518379040114,21
404,2.6080407205143676,247
405,4.222586423390389,6
406,3.194557699790146,64
407,4.155639633759776,7
408,3.398677682446071,40
409,2.2667383872356464,542
410,4.699707678110052,2
411,1.7224414656827594,1898
412,3.4444351730067457,36
413,4.3986776824460705,4
414,5.000737673774033,1
415,2.719704306526306,191
416,4.222586423390389,6
417,3.3879538170542975,41
418,3.409673066747534,39
419,3.337979842092459,46
420,5.000737673774033,1
421,1.8390702613362973,1451
422,1.727042085843941,1878
423,3.959344988615808,11
424,3.0869238213903163,82
425,3.745465168670727,18
426,5.000737673774033,1
427,4.155639633759776,7
428,4.52361641905437,3
429,2.241069829084403,575
430,1.7203869807280276,1907
431,4.097647686782089,8
432,4.3986776824460705,4
433,3.495587695454127,32
434,3.959344988615808,11
435,4.3986776824460705,4
436,3.268343913951065,54
437,2.6953863043274096,202
438,3.495587695454127,32
439,4.52361641905437,3
440,2.8867943214671965,130
441,2.9251907123815024,119
442,2.8515185611186533,141
443,3.538339675875077,29
444,2.2805783703680764,525
445,1.8791778295865322,1323
446,4.699707678110052,2
447,2.9476592302906135,113
448,3.7966176911181084,16
449,4.155639633759776,7
450,3.4566696294237578,35
451,1.7201593034059568,1908
452,2.4529629683862106,353
453,3.745465168670727,18
454,3.8546096380957953,14
455,3.114246948601551,77
456,4.097647686782089,8
457,3.432535949707038,37
458,5.000737673774033,1
459,2.4616615749812567,346
460,3.721984072821204,19
461,1.7505617256901083,1779
462,3.6390098377564404,23
463,3.6027976651019955,25
464,3.1746628710732065,67
465,3.721984072821204,19
466,3.553579642431814,28
467,4.3986776824460705,4
468,3.5693739096150456,27
469,1.7309913006432662,1861
470,3.959344988615808,11
471,3.8867943214671965,13
472,3.8867943214671965,13
473,3.495587695454127,32
474,1.7535011242672691,1767
475,3.3774883833761327,42
476,3.7702887523957593,17
477,2.8935277041261647,128
478,5.000737673774033,1
479,4.046495164334709,9
480,4.000737673774033,10
481,4.3986776824460705,4
482,4.046495164334709,9
483,3.745465168670727,18
484,3.3879538170542975,41
485,3.553579642431814,28
486,4.52361641905437,3
487,3.1878243171311778,65
488,4.046495164334709,9
489,3.6390098377564404,23
490,3.620526432062427,24
491,5.000737673774033,1
492,4.699707678110052,2
493,3.2298856621318888,59
494,3.319496436398446,48
495,3.7702887523957593,17
496,1.727273401152687,1877
497,3.745465168670727,18
498,1.7174364450704835,1920
499,3.3017676694380143,50
500,1.7242758696007892,1890
501,3.0051024791764833,99
502,1.8160462429564344,1530
503,4.52361641905437,3
504,3.959344988615808,11
505,3.721984072821204,19
506,4.52361641905437,3
507,3.2013971243204513,63
508,4.301767669438014,5
509,4.222586423390389,6
510,2.633381752748014,233
511,3.268343913951065,54
512,3.4444351730067457,36
513,4.000737673774033,10
514,2.9073159886117983,124
515,2.996416299991391,101
516,4.52361641905437,3
517,2.4408310487379206,363
518,4.52361641905437,3
519,3.523616419054371,30
520,3.745465168670727,18
521,2.7018845973643266,199
522,3.0139659395077882,97
523,3.495587695454127,32
524,2.917952303457583,121
525,3.7966176911181084,16
526,3.9215564277264083,12
527,4.699707678110052,2
528,2.6703239004248425,214
529,3.319496436398446,48
530,3.5857643258032152,26
531,3.8867943214671965,13
532,4.3986776824460705,4
533,3.959344988615808,11
534,2.9108325623346354,123
535,4.155639633759776,7
536,2.699707678110052,200
537,3.0416962814529396,91
538,4.046495164334709,9
539,3.143405177342765,72
540,1.7251959853727237,1886
541,4.3986776824460705,4
542,5.000737673774033,1
543,5.000737673774033,1
544,1.7147305516945586,1932
545,4.3986776824460705,4
546,3.2525496467678328,56
547,2.069279803085028,854
548,2.122790722144845,755
549,1.7352123385549594,1843
550,3.0184664407344646,96
551,4.155639633759776,7
552,3.1315059540430568,74
553,3.1811937382321647,66
554,3.244862818101542,57
555,3.3572849972878456,44
556,1.720842693762395,1905
557,4.3986776824460705,4
558,3.0464951643347082,90
559,1.7872199167777283,1635
560,4.097647686782089,8
561,4.301767669438014,5
562,3.3017676694380143,50
563,2.264341171497391,545
564,3.699707678110052,20
565,2.7151803647662596,193
566,2.545892813765523,285
567,4.52361641905437,3
568,5.000737673774033,1
569,1.7210707297255776,1904
570,2.5323903433618757,294
571,4.52361641905437,3
572,4.301767669438014,5
573,3.620526432062427,24
574,4.699707678110052,2
575,4.699707678110052,2
576,3.7966176911181084,16
577,4.097647686782089,8
578,2.8132169529375703,154
579,3.1811937382321647,66
580,5.000737673774033,1
581,3.620526432062427,24
582,5.000737673774033,1
583,4.3986776824460705,4
584,3.125676410382333,75
585,4.222586423390389,6
586,2.9003671286564705,126
587,3.620526432062427,24
588,3.658314992951827,22
589,1.7284318293719467,1872
590,3.7966176911181084,16
591,2.3743973063989907,423
592,1.7158559591185802,1927
593,3.420954077157223,38
594,4.52361641905437,3
595,1.7118180681123065,1945
596,3.4566696294237578,35
597,5.000737673774033,1
598,3.8867943214671965,13
599,4.046495164334709,9
600,3.8546096380957953,14
601,3.432535949707038,37
602,4.52361641905437,3
603,4.3986776824460705,4
604,3.000737673774033,100
605,2.710703062411515,195
606,5.000737673774033,1
607,3.9215564277264083,12
608,3.620526432062427,24
609,2.311428814650413,489
610,4.000737673774033,10
611,1.7731080242030246,1689
612,3.3774883833761327,42
613,3.0922526548953835,81
614,2.0494001549781156,894
615,1.7293608018799587,1868
616,4.155639633759776,7
617,1.8056686773054431,1567
618,4.000737673774033,10
619,4.097647686782089,8
620,4.155639633759776,7
621,2.2020870283287644,629
622,3.05134766712912,89
623,3.824646414718352,15
624,2.8736328754092257,134
625,4.3986776824460705,4
626,1.744982887130989,1802
627,2.2262207080454837,595
628,1.9179523034575832,1210
629,3.319496436398446,48
630,2.379561391998998,418
631,1.73450597708414,1846
632,4.301767669438014,5
633,2.6563454000889224,221
634,4.000737673774033,10
635,4.155639633759776,7
636,3.119924081493242,76
637,3.658314992951827,22
638,4.000737673774033,10
639,2.4679832947815354,341
640,5.000737673774033,1
641,2.1525485567826346,705
642,1.7219840728212041,1900
643,2.7265798245103534,188
644,2.6447118165809105,227
645,2.0657345223203785,861
646,4.222586423390389,6
647,2.9400398334204216,115
648,4.301767669438014,5
649,3.367269218194447,43
650,3.8546096380957953,14
651,4.222586423390389,6
652,3.824646414718352,15
653,1.933666817728663,1167
654,3.824646414718352,15
655,2.00335128937672,994
656,3.553579642431814,28
657,4.699707678110052,2
658,2.4718209734963783,338
659,2.476991206962469,334
660,3.824646414718352,15
661,2.9921375020121155,102
662,5.000737673774033,1
663,4.097647686782089,8
664,5.000737673774033,1
665,5.000737673774033,1
666,3.553579642431814,28
667,3.0416962814529396,91
668,2.5857643258032152,260
669,2.883466378118269,131
670,2.8935277041261647,128
671,4.52361641905437,3
672,4.000737673774033,10
673,3.409673066747534,39
674,4.699707678110052,2
675,2.0345959410350005,925
676,2.4517344117482454,354
677,3.5093759799397604,31
678,4.000737673774033,10
679,2.668299213858428,215
680,3.149479325054958,71
681,3.367269218194447,43
682,3.553579642431814,28
683,3.469258756731778,34
684,3.7966176911181084,16
685,2.564575026733277,273
686,4.699707678110052,2
687,2.001172185548051,999
688,4.3986776824460705,4
689,2.9713538960888237,107
690,4.699707678110052,2
691,5.000737673774033,1
692,2.3436818209169292,454
693,4.046495164334709,9
694,1.72175555690859,1901
695,3.2154078387632663,61
696,3.0416962814529396,91
697,3.337979842092459,46
698,1.8539896601433934,1402
699,3.1315059540430568,74
700,2.3764555779383647,421
701,2.6466292346266322,226
702,4.000737673774033,10
703,1.7652092268664843,1720
704,2.584097166435752,261
705,1.8746062665120489,1337
706,2.533870053419924,293
707,3.2083459842757795,62
708,2.090113268884832,814
709,2.391143264548813,407
710,4.222586423390389,6
711,3.7966176911181084,16
712,4.155639633759776,7
713,1.7476420879250016,1791
714,4.699707678110052,2
715,1.7185688954693916,1915
716,1.7129359438438072,1940
717,3.8867943214671965,13
718,3.7966176911181084,16
719,2.349459659775889,448
720,3.9215564277264083,12
721,3.745465168670727,18
722,4.3986776824460705,4
723,3.149479325054958,71
724,2.724275869600789,189
725,3.1315059540430568,74
726,2.987900449068861,103
727,4.52361641905437,3
728,2.959344988615808,110
729,4.301767669438014,5
730,4.046495164334709,9
731,3.824646414718352,15
732,3.6027976651019955,25
733,4.155639633759776,7
734,2.189833393105333,647
735,2.0848104620769172,824
736,3.000737673774033,100
737,3.328639815838316,47
738,2.917952303457583,121
739,2.1368202968161727,731
740,3.137414813653577,73
741,3.3105415937455196,49
742,3.6390098377564404,23
743,4.3986776824460705,4
744,3.2083459842757795,62
745,2.928855666467908,118
746,3.0051024791764833,99
747,3.398677682446071,40
748,1.985377918364819,1036
749,2.979548374704095,105
750,3.678518379040114,21
751,2.640902191434145,229
752,4.155639633759776,7
753,3.143405177342765,72
754,4.046495164334709,9
755,4.000737673774033,10
756,2.4848638300623542,328
757,2.3304918206999092,468
758,5.000737673774033,1
759,4.699707678110052,2
760,3.620526432062427,24
761,3.959344988615808,11
762,3.143405177342765,72
763,3.7702887523957593,17
764,4.000737673774033,10
765,3.7702887523957593,17
766,2.311428814650413,489
767,3.328639815838316,47
768,3.032254725220098,93
769,5.000737673774033,1
770,3.9215564277264083,12
771,2.6428028267735795,228
772,4.301767669438014,5
773,3.119924081493242,76
774,3.149479325054958,71
775,3.523616419054371,30
776,2.9633111758334096,109
777,3.8546096380957953,14
778,5.000737673774033,1
779,4.097647686782089,8
780,3.5857643258032152,26
781,2.470537975570951,339
782,2.8160462429564346,153
783,4.699707678110052,2
784,4.52361641905437,3
785,4.097647686782089,8
786,3.328639815838316,47
787,4.097647686782089,8
788,4.222586423390389,6
789,2.936279684547115,116
790,3.1618885830367778,69
791,3.8867943214671965,13
792,4.222586423390389,6
793,1.7156306442072213,1928
794,3.1031105824835916,79
795,3.8546096380957953,14
796,4.155639633759776,7
797,3.699707678110052,20
798,2.9438328224375607,114
799,2.6563454000889224,221
800,2.3000339566290138,502
801,3.2083459842757795,62
802,3.0612184211554148,87
803,4.3986776824460705,4
804,1.719249785833952,1912
805,4.155639633759776,7
806,2.731224729556117,186
807,3.745465168670727,18
808,4.3986776824460705,4
809,4.52361641905437,3
810,4.155639633759776,7
811,1.8505955119254747,1413
812,4.155639633759776,7
813,3.9215564277264083,12
814,2.606285992947817,248
815,4.3986776824460705,4
816,1.7263488782236542,1881
817,2.2772820017388473,529
818,1.7147305516945586,1932
819,3.3017676694380143,50
820,4.52361641905437,3
821,3.553579642431814,28
822,4.000737673774033,10
823,4.301767669438014,5
824,4.301767669438014,5
825,3.745465168670727,18
826,3.8546096380957953,14
827,1.7242758696007892,1890
828,2.1811937382321647,660
829,4.097647686782089,8
830,3.6027976651019955,25
831,4.000737673774033,10
832,2.6622811801694284,218
833,3.4444351730067457,36
834,3.7966176911181084,16
835,2.093326312999447,808
836,2.32040216035947,479
837,1.8533705659802466,1404
838,2.513599298296847,307
839,3.244862818101542,57
840,3.553579642431814,28
841,3.0976476867820897,80
842,3.959344988615808,11
843,3.036949846428478,92
844,3.699707678110052,20
845,2.712935943843807,194
846,3.6390098377564404,23
847,3.284734330139234,52
848,2.1727226095500565,673
849,4.699707678110052,2
850,4.699707678110052,2
851,5.000737673774033,1
852,4.699707678110052,2
853,4.097647686782089,8
854,3.0976476867820897,80
855,4.52361641905437,3
856,4.52361641905437,3
857,3.824646414718352,15
858,4.699707678110052,2
859,4.000737673774033,10
860,2.4141503691022783,386
861,3.1878243171311778,65
862,4.52361641905437,3
863,3.4566696294237578,35
864,4.301767669438014,5
865,2.745465168670727,180
866,3.0051024791764833,99
867,3.3105415937455196,49
868,3.553579642431814,28
869,5.000737673774033,1
870,3.284734330139234,52
871,3.4444351730067457,36
872,3.1556396337597765,70
873,4.222586423390389,6
874,3.538339675875077,29
875,3.620526432062427,24
876,1.9534628063898538,1115
877,3.2154078387632663,61
878,3.745465168670727,18
879,3.745465168670727,18
880,2.1779160284709285,665
881,1.9609271196256828,1096
882,3.538339675875077,29
883,4.097647686782089,8
884,3.8546096380957953,14
885,1.790686823898896,1622
886,4.699707678110052,2
887,4.52361641905437,3
888,3.495587695454127,32
889,3.2603749842797893,55
890,5.000737673774033,1
891,4.000737673774033,10
892,4.000737673774033,10
893,3.328639815838316,47
894,4.52361641905437,3
895,3.538339675875077,29
896,2.466711567717898,342
897,3.6027976651019955,25
898,1.8337158779837768,1469
899,2.2838999504745088,521
900,2.4604081989831594,347
901,3.4566696294237578,35
902,4.155639633759776,7
903,2.6847673283171156,207
904,2.9673139182870836,108
905,4.699707678110052,2
906,3.469258756731778,34
907,3.9215564277264083,12
908,4.000737673774033,10
909,3.8867943214671965,13
910,2.4432304718683753,361
911,1.990862040061873,1023
912,2.107530920714185,782
913,4.699707678110052,2
914,4.301767669438014,5
915,2.6080407205143676,247
916,2.6563454000889224,221
917,4.3986776824460705,4
918,4.097647686782089,8
919,2.8020805868196104,158
920,4.52361641905437,3
921,2.124519833182391,752
922,3.194557699790146,64
923,2.151318259977134,707
924,2.8454016363089716,143
925,5.000737673774033,1
926,3.3105415937455196,49
927,2.9003671286564705,126
928,3.119924081493242,76
929,3.959344988615808,11
930,3.959344988615808,11
931,4.3986776824460705,4
932,3.409673066747534,39
933,3.959344988615808,11
934,3.8867943214671965,13
935,3.0416962814529396,91
936,3.8546096380957953,14
937,4.301767669438014,5
938,4.52361641905437,3
939,4.000737673774033,10
940,3.745465168670727,18
941,4.046495164334709,9
942,4.222586423390389,6
943,2.022557156836619,951
944,4.699707678110052,2
945,5.000737673774033,1
946,3.721984072821204,19
947,1.712488448202047,1942
948,1.7183421690315075,1916
949,2.857722873519938,139
950,3.367269218194447,43
951,1.706491957635915,1969
952,4.301767669438014,5
953,2.8736328754092257,134
954,3.1315059540430568,74
955,2.419812698098414,381
956,5.000737673774033,1
957,2.419812698098414,381
958,4.222586423390389,6
959,1.739236900575753,1826
960,3.553579642431814,28
961,1.7872199167777283,1635
962,1.7069333138546965,1967
963,3.7966176911181084,16
964,1.7160813909855175,1926
965,1.7481273332066602,1789
966,2.397593301153851,401
967,1.7067125796787106,1968
968,1.933666817728663,1167
969,5.000737673774033,1
970,3.2525496467678328,56
971,3.7702887523957593,17
972,5.000737673774033,1
973,3.237309680211096,58
974,4.046495164334709,9
975,4.097647686782089,8
976,1.949971362540991,1124
977,3.5093759799397604,31
978,3.7966176911181084,16
979,2.309656181651065,491
980,2.365253926959121,432
981,1.7118180681123065,1945
982,1.7222127090370156,1899
983,4.301767669438014,5
984,3.553579642431814,28
985,4.155639633759776,7
986,2.8363848179895963,146
987,5.000737673774033,1
988,3.6027976651019955,25
989,3.658314992951827,22
990,5.000737673774033,1
991,4.000737673774033,10
992,4.046495164334709,9
993,2.512186957273589,308
994,4.3986776824460705,4
995,1.706491957635915,1969
996,3.3475251599986895,45
997,3.9215564277264083,12
998,5.000737673774033,1
999,3.0713187480597406,85
1000,1.9488137577279265,1127
1001,3.959344988615808,11
1002,3.2225864233903896,60
1003,5.000737673774033,1
1004,3.7966176911181084,16
1005,5.000737673774033,1
1006,3.1878243171311778,65
1007,3.8867943214671965,13
1008,2.1844963737822503,655
1009,3.2931674976760967,51
1010,5.000737673774033,1
1011,2.1727226095500565,673
1012,4.301767669438014,5
1013,3.4444351730067457,36
1014,3.268343913951065,54
1015,4.301767669438014,5
1016,4.097647686782089,8
1017,2.5164378344272476,305
1018,2.5279812244568207,297
1019,1.9783093025885468,1053
1020,2.6524328107258723,223
1021,1.9849589173849922,1037
1022,3.2013971243204513,63
1023,1.7263488782236542,1881
1024,2.2957297144406974,507
1025,2.4782934402677133,333
1026,1.7194769867190203,1911
1027,1.753992964050192,1765
1028,5.000737673774033,1
1029,4.301767669438014,5
1030,5.000737673774033,1
1031,4.046495164334709,9
1032,4.699707678110052,2
1033,2.8217607264808637,151
1034,3.0869238213903163,82
1035,1.7149553999946385,1931
1036,3.3879538170542975,41
1037,1.723128459469942,1895
1038,3.620526432062427,24
1039,3.658314992951827,22
1040,3.4566696294237578,35
1041,3.1618885830367778,69
1042,2.0175626017362203,962
1043,2.2313603476978945,588
1044,3.678518379040114,21
1045,2.084283725224108,825
1046,3.284734330139234,52
1047,4.301767669438014,5
1048,4.301767669438014,5
1049,4.301767669438014,5
1050,1.731224729556117,1860
1051,3.2525496467678328,56
1052,1.8015311946123753,1582
1053,4.155639633759776,7
1054,4.699707678110052,2
1055,1.8070566442327516,1562
1056,1.7254263192322215,1885
1057,5.000737673774033,1
1058,4.301767669438014,5
1059,2.8640171066176263,137
1060,1.9617203517766213,1094
1061,2.8736328754092257,134
1062,3.538339675875077,29
1063,3.658314992951827,22
1064,2.283067170771771,522
1065,3.3017676694380143,50
1066,3.168228761067797,68
1067,3.7966176911181084,16
1068,3.398677682446071,40
1069,3.4566696294237578,35
1070,2.870403905279027,135
1071,1.8505955119254747,1413
1072,2.113120373438297,772
1073,3.3017676694380143,50
1074,1.9942716315248015,1015
1075,5.000737673774033,1
1076,3.1878243171311778,65
1077,1.7219840728212041,1900
1078,1.88612668954186,1302
1079,1.704731004460361,1977
1080,4.699707678110052,2
1081,3.538339675875077,29
1082,3.4444351730067457,36
1083,2.8608585873727965,138
1084,4.3986776824460705,4
1085,3.1746628710732065,67
1086,3.5857643258032152,26
1087,3.6027976651019955,25
1088,3.482223733896146,33
1089,3.432535949707038,37
1090,3.3017676694380143,50
1091,2.5693739096150456,270
1092,3.9215564277264083,12
1093,2.5010505911556296,316
1094,3.3879538170542975,41
1095,2.6504896554398703,224
1096,2.979548374704095,105
1097,1.7163069399295137,1925
1098,1.991711931687123,1021
1099,1.9168768729074603,1213
1100,2.7652092268664843,172
1101,3.553579642431814,28
1102,2.1285814010257402,745
1103,2.7288960672375344,187
1104,2.833420339025857,147
1105,2.8671987654038156,136
1106,3.469258756731778,34
1107,3.3879538170542975,41
1108,2.197280558125619,636
1109,2.244862818101542,570
1110,1.940417645085748,1149
1111,3.2154078387632663,61
1112,1.7242758696007892,1890
1113,3.745465168670727,18
1114,2.8454016363089716,143
1115,1.8197520929873028,1517
1116,4.155639633759776,7
1117,2.026225981036705,943
1118,4.222586423390389,6
1119,5.000737673774033,1
1120,3.959344988615808,11
1121,2.996416299991391,101
1122,1.7199317453803664,1909
1123,2.0976476867820897,800
1124,5.000737673774033,1
1125,3.3572849972878456,44
1126,4.52361641905437,3
1127,3.3572849972878456,44
1128,3.5093759799397604,31
1129,4.155639633759776,7
1130,3.699707678110052,20
1131,3.959344988615808,11
1132,3.8867943214671965,13
1133,1.716532606072239,1924
1134,2.9476592302906135,113
1135,4.699707678110052,2
1136,2.857722873519938,139
1137,3.9215564277264083,12
1138,3.432535949707038,37
1139,1.729826034363552,1866
1140,3.328639815838316,47
1141,1.8340116181939814,1468
1142,2.1380101454560587,729
1143,3.620526432062427,24
1144,5.000737673774033,1
1145,4.000737673774033,10
1146,4.52361641905437,3
1147,3.8546096380957953,14
1148,4.3986776824460705,4
1149,3.538339675875077,29
1150,4.3986776824460705,4
1151,3.1556396337597765,70
1152,3.337979842092459,46
1153,3.8546096380957953,14
1154,3.319496436398446,48
1155,1.7323937598229686,1855
1156,2.9476592302906135,113
1157,5.000737673774033,1
1158,5.000737673774033,1
1159,4.000737673774033,10
1160,3.268343913951065,54
1161,1.7167583895355534,1923
1162,2.2013971243204513,630
1163,3.5093759799397604,31
1164,3.1618885830367778,69
1165,4.155639633759776,7
1166,3.959344988615808,11
1167,5.000737673774033,1
1168,3.523616419054371,30
1169,3.3017676694380143,50
1170,3.3475251599986895,45
1171,3.553579642431814,28
1172,2.9438328224375607,114
1173,2.7151803647662596,193
1174,3.678518379040114,21
1175,3.0416962814529396,91
1176,3.5093759799397604,31
1177,1.8337158779837768,1469
1178,1.716532606072239,1924
1179,3.0612184211554148,87
1180,3.114246948601551,77
1181,3.959344988615808,11
1182,3.328639815838316,47
1183,3.678518379040114,21
1184,3.328639815838316,47
1185,3.1556396337597765,70
1186,1.7363921667239408,1838
1187,3.721984072821204,19
1188,2.275643152692564,531
1189,3.959344988615808,11
1190,2.0271480503467765,941
1191,2.9476592302906135,113
1192,3.5857643258032152,26
1193,4.301767669438014,5
1194,3.2525496467678328,56
1195,3.137414813653577,73
1196,3.495587695454127,32
1197,2.8935277041261647,128
1198,2.2062496271148637,623
1199,3.9215564277264083,12
1200,3.284734330139234,52
1201,3.959344988615808,11
1202,1.776982220116792,1674
1203,3.0922526548953835,81
