category_id,class_name,lambda
1,aerosol_can,1.7216798354007712
2,air_conditioner,1.8573212371759746
3,airplane,1.8328504495495346
4,alarm_clock,1.7519265876852042
5,alcohol,1.7092169481955055
6,alligator,1.723667349680556
7,almond,1.8660794050034357
8,ambulance,1.6390275319221472
9,amplifier,1.6964409703974197
10,anklet,1.6155323152769412
11,antenna,1.8681083559436027
12,apple,1.9202021728737217
13,applesauce,1.6131721801315062
14,apricot,1.628871717878357
15,apron,1.8382909399751521
16,aquarium,1.711228765041617
17,arctic_(type_of_shoe),1.3667864444162725
18,armband,1.6716319374511495
19,armchair,1.8620892672250617
20,armoire,1.6380673125168177
21,armor,1.6101756496877941
22,artichoke,1.7235162187377089
23,trash_can,1.86850741417114
24,ashtray,1.7526884726153114
25,asparagus,1.8391014905884724
26,atomizer,1.7193254261673665
27,avocado,1.837214035585995
28,award,1.6713996325681857
29,awning,1.8599806810037043
30,ax,1.7479983022372219
31,baboon,1.0
32,baby_buggy,1.8050516531032097
33,basketball_backboard,1.6731983963182697
34,backpack,1.8815344633660014
35,handbag,1.8862633298185751
36,suitcase,1.9272730653883845
37,bagel,1.7441874516081257
38,bagpipe,1.6260583770529555
39,baguet,1.6654125687130357
40,bait,1.0
41,ball,1.7664924968704645
42,ballet_skirt,1.5074787397979494
43,balloon,1.864359671266552
44,bamboo,1.7553967535777146
45,banana,1.950706648732393
46,Band_Aid,1.660895157198206
47,bandage,1.6548020310704867
48,bandanna,1.750060781547375
49,banjo,1.0
50,banner,1.8857081814131602
51,barbell,1.6827711725224392
52,barge,1.0
53,barrel,1.7843628931450417
54,barrette,1.7232312669415066
55,barrow,1.6669140995749354
56,baseball_base,1.8206638316108894
57,baseball,1.817053991928
58,baseball_bat,1.8900934691228213
59,baseball_cap,2.0
60,baseball_glove,1.8939042153517405
61,basket,1.828346802900731
62,basketball,1.7076697711736801
63,bass_horn,1.7239965332910214
64,bat_(animal),1.5959209049118346
65,bath_mat,1.7835635721441838
66,bath_towel,1.8014103362541072
67,bathrobe,1.6438355037445427
68,bathtub,1.8510643096806803
69,batter_(food),1.4328684767589135
70,battery,1.6194298784505434
71,beachball,1.0
72,bead,1.820888952482578
73,bean_curd,1.7684344066004039
74,beanbag,1.524582145234759
75,beanie,1.9039690505902422
76,bear,1.8134194019988024
77,bed,1.792507720668008
78,bedpan,1.0
79,bedspread,1.6550172433974004
80,cow,1.9494081923007789
81,beef_(food),1.8499920285994174
82,beeper,1.6827711725224392
83,beer_bottle,1.820407862022573
84,beer_can,1.688667019693631
85,beetle,1.566183567809618
86,bell,1.7880888067615976
87,bell_pepper,1.8888965157717563
88,belt,1.9125567579396097
89,belt_buckle,1.80981800015789
90,bench,1.8611165611062817
91,beret,1.6400356607332252
92,bib,1.607132919030097
93,Bible,1.0
94,bicycle,1.9054790465491185
95,visor,1.879974054230156
96,billboard,1.8304411091992916
97,binder,1.7056405162607096
98,binoculars,1.653117863227422
99,bird,1.931690726655059
100,birdfeeder,1.456687851882306
101,birdbath,1.689391142200173
102,birdcage,1.7764388450557638
103,birdhouse,1.6509019325694325
104,birthday_cake,1.6530633742856282
105,birthday_card,1.5799298978594347
106,pirate_flag,1.0
107,black_sheep,1.71414021507097
108,blackberry,1.779633915147204
109,blackboard,1.7766005532244367
110,blanket,1.7995487493477278
111,blazer,1.7011298179863625
112,blender,1.681750264796066
113,blimp,1.0
114,blinker,1.8486566416841148
115,blouse,1.7932514506789072
116,blueberry,1.8569693936385803
117,gameboard,1.6532012904096227
118,boat,1.928678815719979
119,bob,1.0
120,bobbin,1.7475344417734557
121,bobby_pin,1.5562973129150706
122,boiled_egg,1.6707744235358848
123,bolo_tie,1.0
124,deadbolt,1.659260132770291
125,bolt,1.9265192099398822
126,bonnet,1.4641470860480605
127,book,1.9579424790094113
128,bookcase,1.7343801671199965
129,booklet,1.750277601668436
130,bookmark,1.5560458936276975
131,boom_microphone,1.6687340622500413
132,boot,1.9553150199283424
133,bottle,1.864789195823197
134,bottle_opener,1.7583767219871533
135,bouquet,1.6880322074563097
136,bow_(weapon),1.8232680074751175
137,bow_(decorative_ribbons),1.8157742085599695
138,bow-tie,1.7494634081019664
139,bowl,1.8324241731138073
140,pipe_bowl,1.0
141,bowler_hat,1.68358663939854
142,bowling_ball,1.5422271772523806
143,box,1.8131123664449462
144,boxing_glove,1.6578157333520824
145,suspenders,1.6491720695373422
146,bracelet,1.8746568903385938
147,brass_plaque,1.5081700210561022
148,brassiere,1.6699493500423728
149,bread-bin,1.6651085082048391
150,bread,1.8992230084839528
151,breechcloth,1.0
152,bridal_gown,1.627084765022425
153,briefcase,1.6746231949010728
154,broccoli,1.9162283703902518
155,broach,1.6495634636499017
156,broom,1.709141135569586
157,brownie,1.6847337877936868
158,brussels_sprouts,1.8139514599296702
159,bubble_gum,1.3626476588369567
160,bucket,1.8604782484056899
161,horse_buggy,1.4686694977303696
162,bull,1.697821144202467
163,bulldog,1.5939185607626645
164,bulldozer,1.6827711725224392
165,bullet_train,1.4293554631765029
166,bulletin_board,1.7461615760030602
167,bulletproof_vest,1.5962952921584757
168,bullhorn,1.6746473613559656
169,bun,1.871345338024577
170,bunk_bed,1.6000357142254762
171,buoy,1.83487002107316
172,burrito,1.6490557701053659
173,bus_(vehicle),1.875097501586672
174,business_card,1.6818436233286098
175,butter,1.7448269385437238
176,butterfly,1.7411338514241361
177,button,1.945701630460305
178,cab_(taxi),1.7794575974109261
179,cabana,1.6036740909351148
180,cabin_car,1.5573360831723917
181,cabinet,1.8338401998739826
182,locker,1.611983655555311
183,cake,1.8764983604499124
184,calculator,1.7485745736174945
185,calendar,1.8050572520725243
186,calf,1.7647339433748392
187,camcorder,1.7340913604187036
188,camel,1.6292698555240879
189,camera,1.836328547242291
190,camera_lens,1.7581019977217458
191,camper_(vehicle),1.7014291470006597
192,can,1.7953292991093504
193,can_opener,1.6019800366936998
194,candle,1.8877897802016141
195,candle_holder,1.7819241627661455
196,candy_bar,1.2198990873597384
197,candy_cane,1.6312712006768306
198,walking_cane,1.7380234120077782
199,canister,1.7147699084070627
200,canoe,1.6184774366670425
201,cantaloup,1.7431559272009274
202,canteen,1.0
203,cap_(headwear),1.8708054054159446
204,bottle_cap,1.8638981023244718
205,cape,1.506349906970369
206,cappuccino,1.7212383522342432
207,car_(automobile),1.9063583782568219
208,railcar_(part_of_a_train),1.8211688032951097
209,elevator_car,1.6213375676180721
210,car_battery,1.0
211,identity_card,1.605279953117912
212,card,1.728501219186119
213,cardigan,1.6062711745218827
214,cargo_ship,1.6739466273020542
215,carnation,1.468576221694041
216,horse_carriage,1.591315828212557
217,carrot,1.9463360309590518
218,tote_bag,1.7744201789150416
219,cart,1.7273247865496604
220,carton,1.7497195800729064
221,cash_register,1.7200096420796025
222,casserole,1.4967939019049705
223,cassette,1.5017061724420535
224,cast,1.583045471241367
225,cat,1.887003701095408
226,cauliflower,1.806925491631417
227,cayenne_(spice),1.693259370023043
228,CD_player,1.7395775774405893
229,celery,1.8004750706025905
230,cellular_telephone,1.8807152088065426
231,chain_mail,1.6791617443187963
232,chair,1.880476746781902
233,chaise_longue,1.5561011872542898
234,chalice,1.0
235,chandelier,1.8322877113123228
236,chap,1.5836265977974926
237,checkbook,1.0
238,checkerboard,1.0
239,cherry,1.7943060722745372
240,chessboard,1.6791617443187963
241,chicken_(animal),1.7588796771447117
242,chickpea,1.7222486469450382
243,chili_(vegetable),1.731070304903106
244,chime,1.0
245,chinaware,1.597249175903682
246,crisp_(potato_chip),1.791591499305105
247,poker_chip,1.435702283121006
248,chocolate_bar,1.666499365254061
249,chocolate_cake,1.5085982624921246
250,chocolate_milk,1.3088142227439432
251,chocolate_mousse,1.0
252,choker,1.8610782597229156
253,chopping_board,1.7100332950235901
254,chopstick,1.746234493368045
255,Christmas_tree,1.7798584335524206
256,slide,1.7510371385198895
257,cider,1.529986647799718
258,cigar_box,1.0
259,cigarette,1.7198155552439784
260,cigarette_case,1.7089269885250997
261,cistern,1.818311241667136
262,clarinet,1.0
263,clasp,1.7197250055172586
264,cleansing_agent,1.694071450479708
265,cleat_(for_securing_rope),1.3667864444162725
266,clementine,1.7263261691974399
267,clip,1.7536823270853832
268,clipboard,1.7458768882938234
269,clippers_(for_plants),1.0
270,cloak,1.0
271,clock,1.9081385128364445
272,clock_tower,1.7055832962224409
273,clothes_hamper,1.6346344348656652
274,clothespin,1.713581911971957
275,clutch_bag,1.0
276,coaster,1.7516251298100827
277,coat,1.8912124775671488
278,coat_hanger,1.6949721833439226
279,coatrack,1.5962532374733194
280,cock,1.7057370688430575
281,cockroach,1.0
282,cocoa_(beverage),1.6827711725224392
283,coconut,1.6887662804332884
284,coffee_maker,1.730992883471421
285,coffee_table,1.8519719115512352
286,coffeepot,1.6367637686049235
287,coil,1.5428253399146818
288,coin,1.7109093264250936
289,colander,1.6989401452596675
290,coleslaw,1.6137156546982032
291,coloring_material,1.0
292,combination_lock,1.559973584170899
293,pacifier,1.5747351219780024
294,comic_book,1.75597327565883
295,compass,1.0
296,computer_keyboard,1.919266263872588
297,condiment,1.8752552268725768
298,cone,1.8958668834101866
299,control,1.8702452219462191
300,convertible_(automobile),1.3626476588369567
301,sofa_bed,1.689931414468099
302,cooker,1.0
303,cookie,1.8562798536094416
304,cooking_utensil,1.3772048806790953
305,cooler_(for_food),1.7824040857238201
306,cork_(bottle_plug),1.7595434040249542
307,corkboard,1.5428253399146818
308,corkscrew,1.7459872447523868
309,edible_corn,1.855023001294692
310,cornbread,1.1453476031886913
311,cornet,1.632526182889164
312,cornice,1.7501961088402629
313,cornmeal,1.0
314,corset,1.5142711474695174
315,costume,1.6477242956847642
316,cougar,1.7239965332910214
317,coverall,1.6184090821073063
318,cowbell,1.6959820365890483
319,cowboy_hat,1.8640938427530398
320,crab_(animal),1.6617373878486383
321,crabmeat,1.5638171500355063
322,cracker,1.7458974836720358
323,crape,1.7101514880996638
324,crate,1.8228408042602662
325,crayon,1.5578916628665949
326,cream_pitcher,1.448904464583625
327,crescent_roll,1.7351934186759146
328,crib,1.6211140919594027
329,crock_pot,1.7047941809052718
330,crossbar,1.8635787094147893
331,crouton,1.728014370422024
332,crow,1.6536651890063483
333,crowbar,1.0
334,crown,1.7517382057658484
335,crucifix,1.72622676962126
336,cruise_ship,1.5045347546982792
337,police_cruiser,1.697697865259968
338,crumb,1.8983053521321138
339,crutch,1.6403380295839805
340,cub_(animal),1.5670888474658755
341,cube,1.7475411598627257
342,cucumber,1.818528985774325
343,cufflink,1.4894205627802426
344,cup,1.8210499158087927
345,trophy_cup,1.7619320363898494
346,cupboard,1.8090045666511956
347,cupcake,1.8445755095845993
348,hair_curler,1.0981997326578008
349,curling_iron,1.0
350,curtain,1.9507968823476514
351,cushion,1.94443424476301
352,cylinder,1.0
353,cymbal,1.5309978412237921
354,dagger,1.0
355,dalmatian,1.0
356,dartboard,1.6408883800938396
357,date_(fruit),1.507949900270064
358,deck_chair,1.8903634177670159
359,deer,1.7055281447275445
360,dental_floss,1.7485210400252613
361,desk,1.7540972479738892
362,detergent,1.7014496862797492
363,diaper,1.6832067918357416
364,diary,1.0
365,die,1.5077716547715583
366,dinghy,1.5954349548274545
367,dining_table,1.5646434826988003
368,tux,1.6930360485286324
369,dish,1.7680772634984743
370,dish_antenna,1.7813754941954405
371,dishrag,1.7589251425074481
372,dishtowel,1.7875449496574354
373,dishwasher,1.7997218162176534
374,dishwasher_detergent,1.3797167826584253
375,dispenser,1.7927007667963373
376,diving_board,1.0
377,Dixie_cup,1.7171058117704179
378,dog,1.9075786714878482
379,dog_collar,1.824197154759911
380,doll,1.7653360137523353
381,dollar,1.0
382,dollhouse,1.0
383,dolphin,1.6464451951691483
384,domestic_ass,1.6227346301159424
385,doorknob,1.861740583999011
386,doormat,1.734627316796049
387,doughnut,1.917715701345548
388,dove,1.0
389,dragonfly,1.460276710986665
390,drawer,1.9532169235838353
391,underdrawers,1.6759812331638209
392,dress,1.8987189241079196
393,dress_hat,1.682557792265852
394,dress_suit,1.7575181136444513
395,dresser,1.737338115904536
396,drill,1.7003950306831181
397,drone,1.0
398,dropper,1.0
399,drum_(musical_instrument),1.730540862733937
400,drumstick,1.5540799636460403
401,duck,1.8163866884833564
402,duckling,1.6060651778357866
403,duct_tape,1.599697556211396
404,duffel_bag,1.808389433456692
405,dumbbell,1.6951653272229144
406,dumpster,1.7152751059070446
407,dustpan,1.6131721801315062
408,eagle,1.6164137396985812
409,earphone,1.8060622463209235
410,earplug,1.4335300221760467
411,earring,1.9367217273625905
412,easel,1.6399541647866298
413,eclair,1.50083503693376
414,eel,1.0
415,egg,1.7905893616841457
416,egg_roll,1.7176736207045713
417,egg_yolk,1.6581015349489725
418,eggbeater,1.699717632749139
419,eggplant,1.7060512571413795
420,electric_chair,1.0
421,refrigerator,1.8251222952498418
422,elephant,1.9500101260927634
423,elk,1.4085779460210137
424,envelope,1.7498310183542118
425,eraser,1.6342339688983807
426,escargot,1.0
427,eyepatch,1.4737864759476105
428,falcon,1.0
429,fan,1.8580363842510086
430,faucet,1.9047894712530424
431,fedora,1.6582348703194958
432,ferret,1.2679839343337993
433,Ferris_wheel,1.7232492130079624
434,ferry,1.6031375084856614
435,fig_(fruit),1.6126855857298297
436,fighter_jet,1.5233685247201652
437,figurine,1.8236351768069723
438,file_cabinet,1.6856502386816667
439,file_(tool),1.0
440,fire_alarm,1.7610655975064335
441,fire_engine,1.6620926201562511
442,fire_extinguisher,1.7517137375094685
443,fire_hose,1.7168159033553274
444,fireplace,1.8055622930791886
445,fireplug,1.8536628287044907
446,first-aid_kit,1.0
447,fish,1.787169821518442
448,fish_(food),1.6875945411579338
449,fishbowl,1.6882054886320965
450,fishing_rod,1.6358463650629678
451,flag,1.9022701554580088
452,flagpole,1.8189612153335952
453,flamingo,1.7147441295683339
454,flannel,1.5624446592198171
455,flap,1.7695733145038712
456,flash,1.6064180148632348
457,flashlight,1.7201021471705857
458,fleece,1.0
459,flip-flop_(sandal),1.9101424729654686
460,flipper_(footwear),1.5579697827890526
461,flower_arrangement,1.8610373616135445
462,flute_glass,1.7147699450189655
463,foal,1.4585253213489082
464,folding_chair,1.7843142640231906
465,food_processor,1.6139680278614714
466,football_(American),1.638087391671543
467,football_helmet,1.8417071487812167
468,footstool,1.7099713057406412
469,fork,1.814599864398486
470,forklift,1.5627792876298545
471,freight_car,1.6693088806140368
472,French_toast,1.6601947979036615
473,freshener,1.6820915472125495
474,frisbee,1.8715698867725492
475,frog,1.7194085123729854
476,fruit_juice,1.6070871806720928
477,frying_pan,1.7548643498526335
478,fudge,1.3626476588369567
479,funnel,1.4363770627560402
480,futon,1.5677099406225092
481,gag,1.6827711725224392
482,garbage,1.6376636668294526
483,garbage_truck,1.4581392117372451
484,garden_hose,1.6962897936927341
485,gargle,1.7008379308988641
486,gargoyle,1.5659462438907248
487,garlic,1.771726239290023
488,gasmask,1.7101514880996638
489,gazelle,1.6918106845121546
490,gelatin,1.7601639643345466
491,gemstone,1.0
492,generator,1.0
493,giant_panda,1.6439607291018676
494,gift_wrap,1.7587357030640485
495,ginger,1.5650972389596536
496,giraffe,1.941648658885059
497,cincture,1.6447219108318303
498,glass_(drink_container),1.8224117198805747
499,globe,1.7264836567416528
500,glove,1.937485835484134
501,goat,1.8455863410174027
502,goggles,1.9528930459158267
503,goldfish,1.3894631833685192
504,golf_club,1.744135746034209
505,golfcart,1.6818086968083548
506,gondola_(boat),1.3667864444162725
507,goose,1.7639262202673125
508,gorilla,1.5435694037888794
509,gourd,1.7408694084458805
510,grape,1.8819438370362556
511,grater,1.7169509050982195
512,gravestone,1.7867772868149046
513,gravy_boat,1.6918679708880862
514,green_bean,1.8538870060109445
515,green_onion,1.8525542475789705
516,griddle,1.6827711725224392
517,grill,1.8314886000577806
518,grits,1.0
519,grizzly,1.395461454604129
520,grocery_bag,1.6534803076243354
521,guitar,1.7563270009572236
522,gull,1.8435522528206936
523,gun,1.6513124178228817
524,hairbrush,1.7414997663229284
525,hairnet,1.599257491642934
526,hairpin,1.594499540651792
527,halter_top,1.0
528,ham,1.867649815754893
529,hamburger,1.6699936265277162
530,hammer,1.6860246965298322
531,hammock,1.7328518335434762
532,hamper,1.4524113628621889
533,hamster,1.4270475904458424
534,hair_dryer,1.7403861788624648
535,hand_glass,1.766954178207655
536,hand_towel,1.7982031741515527
537,handcart,1.7626017733584791
538,handcuff,1.5973908081959047
539,handkerchief,1.6807019870577766
540,handle,1.8902895230216015
541,handsaw,1.5638171500355063
542,hardback_book,1.0
543,harmonium,1.0
544,hat,1.9373808510693635
545,hatbox,1.3088142227439432
546,veil,1.5942643406022827
547,headband,1.897687309255761
548,headboard,1.8389455926668796
549,headlight,1.9501765801304254
550,headscarf,1.7489769341672932
551,headset,1.6572376527008315
552,headstall_(for_horses),1.6921039619958727
553,heart,1.7700139382049709
554,heater,1.7239480534305325
555,helicopter,1.6189420502868894
556,helmet,1.946572685876163
557,heron,1.4538288914351414
558,highchair,1.606071897408928
559,hinge,1.8257881350612812
560,hippopotamus,1.533322895654397
561,hockey_stick,1.567975089692803
562,hog,1.6906275478122126
563,home_plate_(baseball),1.8386404103827634
564,honey,1.724201358153182
565,fume_hood,1.7588736177925317
566,hook,1.8731250622170257
567,hookah,1.0
568,hornet,1.0
569,horse,1.9620502569420988
570,hose,1.815736793453473
571,hot-air_balloon,1.3626476588369567
572,hotplate,1.3794374053961516
573,hot_sauce,1.6228687686232892
574,hourglass,1.0
575,houseboat,1.6827711725224392
576,hummingbird,1.4350328286991714
577,hummus,1.5729220189057471
578,polar_bear,1.601742091091618
579,icecream,1.698613880354924
580,popsicle,1.0
581,ice_maker,1.5660177632271328
582,ice_pack,1.045926955207804
583,ice_skate,1.5799567253659665
584,igniter,1.746133755112177
585,inhaler,1.3088142227439432
586,iPod,1.7266563461148239
587,iron_(for_clothing),1.6404763776302551
588,ironing_board,1.6890631697871719
589,jacket,1.8933589012683616
590,jam,1.7564075708412998
591,jar,1.8597991417092832
592,jean,1.908058552402073
593,jeep,1.6866023556745886
594,jelly_bean,1.429130732590921
595,jersey,1.9352852353889474
596,jet_plane,1.5616884302487892
597,jewel,1.0
598,jewelry,1.5931169373290106
599,joystick,1.6619983761737718
600,jumpsuit,1.5680857587871118
601,kayak,1.6989854749516788
602,keg,1.4538288914351414
603,kennel,1.5081700210561022
604,kettle,1.6900313723826446
605,key,1.7310902517398958
606,keycard,1.0
607,kilt,1.6785738700103037
608,kimono,1.5409612756264819
609,kitchen_sink,1.8304643374586054
610,kitchen_table,1.5769271619577439
611,kite,1.9034068266310364
612,kitten,1.5618021878375354
613,kiwi_fruit,1.773345970871988
614,knee_pad,1.9113342779397207
615,knife,1.8108357267641353
616,knitting_needle,1.6599547283710212
617,knob,1.8911567030963468
618,knocker_(on_a_door),1.63410374426355
619,koala,1.475548803657523
620,lab_coat,1.6562911029464784
621,ladder,1.801563570649925
622,ladle,1.7391079587529918
623,ladybug,1.6396547607583503
624,lamb_(animal),1.8112964653361403
625,lamb-chop,1.6847300378396288
626,lamp,1.9301457731919962
627,lamppost,1.8491420256616187
628,lampshade,1.927918664958453
629,lantern,1.75160784707235
630,lanyard,1.857729572219379
631,laptop_computer,1.8896270429525583
632,lasagna,1.8417071487812167
633,latch,1.7972857113185658
634,lawn_mower,1.579178980685291
635,leather,1.6309905278769117
636,legging_(clothing),1.775024744756152
637,Lego,1.715417103139551
638,legume,1.7367874914710624
639,lemon,1.8425513001189353
640,lemonade,1.0
641,lettuce,1.885787575374433
642,license_plate,1.9232996989611149
643,life_buoy,1.7977018255894606
644,life_jacket,1.793970097906065
645,lightbulb,1.9599917617928124
646,lightning_rod,1.3794374053961516
647,lime,1.7805339913507108
648,limousine,1.4538288914351414
649,lion,1.5824114657906676
650,lip_balm,1.6123419669852106
651,liquor,1.6854366117097528
652,lizard,1.6683136562409846
653,log,1.8701224032024
654,lollipop,1.5918620371043475
655,speaker_(stereo_equipment),1.8451877582251832
656,loveseat,1.6461464690578786
657,machine_gun,1.4524113628621889
658,magazine,1.7890214554136652
659,magnet,1.879350088269803
660,mail_slot,1.662607554210938
661,mailbox_(at_home),1.7097755805639046
662,mallard,1.0
663,mallet,1.5811543124811345
664,mammoth,1.0
665,manatee,1.0
666,mandarin_orange,1.7835899620172493
667,manger,1.7216508744404746
668,manhole,1.8406288431835343
669,map,1.7766012552811272
670,marker,1.7433017417078658
671,martini,1.0
672,mascot,1.5065584722370695
673,mashed_potato,1.640637134786667
674,masher,1.0
675,mask,1.855809933485986
676,mast,1.8926568448837933
677,mat_(gym_equipment),1.7560893482684556
678,matchbox,1.7906176673928131
679,mattress,1.7747042575776697
680,measuring_cup,1.708988706622149
681,measuring_stick,1.7552013549087633
682,meatball,1.7030319430905698
683,medicine,1.6652720452006684
684,melon,1.6583627353827115
685,microphone,1.7806076475725527
686,microscope,1.0
687,microwave_oven,1.8391698816624849
688,milestone,1.5638171500355063
689,milk,1.7150371758201874
690,milk_can,1.5659462438907248
691,milkshake,1.0
692,minivan,1.8175400357553957
693,mint_candy,1.6735169355014858
694,mirror,1.9126229428903319
695,mitten,1.6761290777254856
696,mixer_(kitchen_tool),1.6682574668145234
697,money,1.6786922470918304
698,monitor_(computer_equipment) computer_monitor,1.9174574895044283
699,monkey,1.7100326170926534
700,motor,1.833593886662248
701,motor_scooter,1.8001949667732497
702,motor_vehicle,1.705607684742374
703,motorcycle,1.9240366579662949
704,mound_(baseball),1.639556397903182
705,mouse_(computer_equipment),1.9106626718181903
706,mousepad,1.8168909714206873
707,muffin,1.7552115959117454
708,mug,1.8188570749862776
709,mushroom,1.9221893828374195
710,music_stool,1.6260583770529555
711,musical_instrument,1.5304860206968778
712,nailfile,1.673329912584967
713,napkin,1.803805782016087
714,neckerchief,1.8618615386854611
715,necklace,1.9069929460725743
716,necktie,1.898760950024992
717,needle,1.5189218412909664
718,nest,1.6507204390074453
719,newspaper,1.8008323853724737
720,newsstand,1.5538910533380603
721,nightshirt,1.6075400989946453
722,nosebag_(for_animals),1.6827711725224392
723,noseband_(for_animals),1.6741671761216304
724,notebook,1.7661060041396508
725,notepad,1.7510127180483601
726,nut,1.8074211323438576
727,nutcracker,1.5428253399146818
728,oar,1.797380791956837
729,octopus_(food),1.4524113628621889
730,octopus_(animal),1.6212062971391255
731,oil_lamp,1.7115519427399963
732,olive_oil,1.6962473069496493
733,omelet,1.6386995944687917
734,onion,1.9394483939682403
735,orange_(fruit),1.8932234372291674
736,orange_juice,1.7364110964169939
737,ostrich,1.6661220867456301
738,ottoman,1.759101781104754
739,oven,1.7957504435738714
740,overalls_(clothing),1.6091162596125952
741,owl,1.7153865317358443
742,packet,1.550321606505514
743,inkpad,1.6213473500332811
744,pad,1.7488517044731213
745,paddle,1.7508382427434153
746,padlock,1.7014473456273613
747,paintbrush,1.700790643455983
748,painting,1.9232867704160244
749,pajamas,1.706061682179922
750,palette,1.6950147944441165
751,pan_(for_cooking),1.7554682115062712
752,pan_(metal_container),1.6236328691986448
753,pancake,1.7562816013791238
754,pantyhose,1.4726911311354147
755,papaya,1.7231508336027925
756,paper_plate,1.8226117127451325
757,paper_towel,1.7879834706123106
758,paperback_book,1.0
759,paperweight,1.8618615386854611
760,parachute,1.6332063887758466
761,parakeet,1.6237945048295401
762,parasail_(sports),1.779286405107022
763,parasol,1.6465676003912482
764,parchment,1.534970060892373
765,parka,1.7086718362990974
766,parking_meter,1.817161656090079
767,parrot,1.580420761379906
768,passenger_car_(part_of_a_train),1.7685737347364427
769,passenger_ship,1.0
770,passport,1.8059904918950016
771,pastry,1.864233366530787
772,patty_(food),1.7039557747981133
773,pea_(food),1.8405779309703583
774,peach,1.799966299790878
775,peanut_butter,1.6340343840632938
776,pear,1.8054943687219551
777,peeler_(tool_for_fruit_and_vegetables),1.7103039451678765
778,wooden_leg,1.0
779,pegboard,1.5440934210798938
780,pelican,1.6170841878593007
781,pen,1.7838741687883894
782,pencil,1.7445488253487995
783,pencil_box,1.0
784,pencil_sharpener,1.5081700210561022
785,pendulum,1.7005285091444828
786,penguin,1.7073711107760223
787,pennant,1.676529159408712
788,penny_(coin),1.4605490848218203
789,pepper,1.8200694315418111
790,pepper_mill,1.7039996779196067
791,perfume,1.5344479085814964
792,persimmon,1.553802591005744
793,person,1.9095692520648138
794,pet,1.617127370294956
795,pew_(church_bench),1.735275395531398
796,phonebook,1.6587242438900076
797,phonograph_record,1.4914647326544639
798,piano,1.701338038309296
799,pickle,1.7870683616757495
800,pickup_truck,1.7876254561626714
801,pie,1.7288383024291585
802,pigeon,1.8779985944007471
803,piggy_bank,1.2679839343337993
804,pillow,1.918243780598762
805,pin_(non_jewelry),1.6999545918872496
806,pineapple,1.8323074320249193
807,pinecone,1.6253975360706885
808,ping-pong_ball,1.045926955207804
809,pinwheel,1.750948799298706
810,tobacco_pipe,1.8417071487812167
811,pipe,1.8190199210045555
812,pistol,1.4344064747937808
813,pita_(bread),1.624323539487126
814,pitcher_(vessel_for_liquid),1.7799207732952258
815,pitchfork,1.6827711725224392
816,pizza,1.8657106958087901
817,place_mat,1.754368674146501
818,plate,1.7708358256174046
819,platter,1.7396440683045515
820,playpen,1.0
821,pliers,1.7033764143156176
822,plow_(farm_equipment),1.6359703246557626
823,plume,1.6468594162330201
824,pocket_watch,1.769993927048954
825,pocketknife,1.6916535623530038
826,poker_(fire_stirring_tool),1.6419022265071628
827,pole,1.896818435841639
828,polo_shirt,1.8538867244654758
829,poncho,1.4864203842186487
830,pony,1.6047703617180311
831,pool_table,1.6002023437666177
832,pop_(soda),1.8124821646058373
833,postbox_(public),1.6732139427357806
834,postcard,1.7130295872921315
835,poster,1.8816472594749172
836,pot,1.8287831838160986
837,flowerpot,1.8368050201948156
838,potato,1.8705483514687256
839,potholder,1.6876397850889897
840,pottery,1.7639195020474379
841,pouch,1.7564717986188918
842,power_shovel,1.6863179787105085
843,prawn,1.805280169433355
844,pretzel,1.6825891490659917
845,printer,1.7569594282983347
846,projectile_(weapon),1.6553841712371287
847,projector,1.7221961189372972
848,propeller,1.856475765237617
849,prune,1.6847300378396288
850,pudding,1.0
851,puffer_(fish),1.0
852,puffin,1.5081700210561022
853,pug-dog,1.4170324959537126
854,pumpkin,1.7658463313977495
855,puncher,1.6260583770529555
856,puppet,1.576784226690171
857,puppy,1.6041383798287763
858,quesadilla,1.7239965332910214
859,quiche,1.4534357627902263
860,quilt,1.7376212742867718
861,rabbit,1.743126698471193
862,race_car,1.6260583770529555
863,racket,1.6472830651043737
864,radar,1.607699635985716
865,radiator,1.7438605850112583
866,radio_receiver,1.7071475148363746
867,radish,1.8291134365818205
868,raft,1.6125365527946924
869,rag_doll,1.0
870,raincoat,1.74924133207884
871,ram_(animal),1.7144375243109056
872,raspberry,1.8229172433766052
873,rat,1.7239965332910214
874,razorblade,1.6618279644096954
875,reamer_(juicer),1.6328438989152603
876,rearview_mirror,1.8885454179248555
877,receipt,1.710710418776503
878,recliner,1.7036024854361491
879,record_player,1.6889404844198208
880,reflector,1.884658641359116
881,remote_control,1.883467694754517
882,rhinoceros,1.699117056655827
883,rib_(food),1.6765354542162645
884,rifle,1.6374614785512691
885,ring,1.8741799763468077
886,river_boat,1.0
887,road_map,1.0
888,robe,1.6775332926859199
889,rocking_chair,1.6918342652574143
890,rodent,1.0
891,roller_skate,1.6786807821294727
892,Rollerblade,1.565204532363801
893,rolling_pin,1.719218262513687
894,root_beer,1.0
895,router_(computer_equipment),1.6626419836090471
896,rubber_band,1.8075655377329762
897,runner_(carpet),1.471726609895473
898,plastic_bag,1.8248665242823803
899,saddle_(on_an_animal),1.8129956074855431
900,saddle_blanket,1.7868304638812615
901,saddlebag,1.651750090837179
902,safety_pin,1.4329295531427184
903,sail,1.8022567019957227
904,salad,1.7295097178293195
905,salad_plate,1.8232680074751175
906,salami,1.7522929274548216
907,salmon_(fish),1.6121690555449346
908,salmon_(food),1.5852195920962626
909,salsa,1.6973838926873503
910,saltshaker,1.7755733468944075
911,sandal_(type_of_shoe),1.9567784137676023
912,sandwich,1.8850785369464271
913,satchel,1.0
914,saucepan,1.5474947962717018
915,saucer,1.774958872337574
916,sausage,1.8901309994644078
917,sawhorse,1.4524113628621889
918,saxophone,1.4676307104781379
919,scale_(measuring_instrument),1.7740437893469472
920,scarecrow,1.5081700210561022
921,scarf,1.852239723925252
922,school_bus,1.6436842274434615
923,scissors,1.8302611327819927
924,scoreboard,1.7865192577593072
925,scraper,1.0
926,screwdriver,1.7064944861466407
927,scrubbing_brush,1.7592248046514523
928,sculpture,1.7363177788395516
929,seabird,1.646073342159701
930,seahorse,1.5326499266757616
931,seaplane,1.045926955207804
932,seashell,1.766042309787513
933,sewing_machine,1.7298657319128943
934,shaker,1.614137964440848
935,shampoo,1.7161911522919409
936,shark,1.6480643105905939
937,sharpener,1.4171159360276437
938,Sharpie,1.4524113628621889
939,shaver_(electric),1.6827587193198537
940,shaving_cream,1.572469551617146
941,shawl,1.625502935854794
942,shears,1.6901691785308235
943,sheep,1.962386029715886
944,shepherd_dog,1.0
945,sherbert,1.0
946,shield,1.645567400155068
947,shirt,1.895125273152868
948,shoe,1.9780384455514621
949,shopping_bag,1.779858183770762
950,shopping_cart,1.707770512854066
951,short_pants,1.9303853454661815
952,shot_glass,1.6091308479985182
953,shoulder_bag,1.777539145559714
954,shovel,1.7223551212360668
955,shower_head,1.861116553516367
956,shower_cap,1.0
957,shower_curtain,1.7835651679339977
958,shredder_(for_paper),1.3794374053961516
959,signboard,1.8939840276320985
960,silo,1.558129906882562
961,sink,1.9044715320969998
962,skateboard,1.9372770545352598
963,skewer,1.6393153444725417
964,ski,1.9794733279258685
965,ski_boot,1.984849564021184
966,ski_parka,1.8675013746249236
967,ski_pole,1.9714779464771297
968,skirt,1.9049497529001855
969,skullcap,1.0
970,sled,1.7048664230543022
971,sleeping_bag,1.7239347362066233
972,sling_(bandage),1.0
973,slipper_(footwear),1.7598472642495182
974,smoothie,1.5539737305645744
975,snake,1.6785201912495187
976,snowboard,1.899333645913873
977,snowman,1.685384234053216
978,snowmobile,1.7044544765434289
979,soap,1.8262295454550612
980,soccer_ball,1.8015727793819751
981,sock,1.984917446532934
982,sofa,1.8065083612488708
983,softball,1.689931414468099
984,solar_array,1.6768772343010112
985,sombrero,1.6452999027304847
986,soup,1.7097554449440762
987,soup_bowl,1.0
988,soupspoon,1.6097799802426267
989,sour_cream,1.670304914880885
990,soya_milk,1.0
991,space_shuttle,1.5576949821815733
992,sparkler_(fireworks),1.291788478203442
993,spatula,1.7715761935335155
994,spear,1.4418880143550035
995,spectacles,1.946137067255102
996,spice_rack,1.6656648561567937
997,spider,1.6541400772450094
998,crawfish,1.823080212028831
999,sponge,1.7403491444189392
1000,spoon,1.8051925526355856
1001,sportswear,1.6775689898998225
1002,spotlight,1.831566442226011
1003,squid_(food),1.4538288914351414
1004,squirrel,1.6479684202123974
1005,stagecoach,1.0
1006,stapler_(stapling_machine),1.7169689907331809
1007,starfish,1.7265188101074034
1008,statue_(sculpture),1.8454954760961995
1009,steak_(food),1.7182238752121475
1010,steak_knife,1.0
1011,steering_wheel,1.8294848685541112
1012,stepladder,1.4524113628621889
1013,step_stool,1.6667619027396054
1014,stereo_(sound_system),1.7181986067926684
1015,stew,1.6131721801315062
1016,stirrer,1.21952396149413
1017,stirrup,1.8355219959362197
1018,stool,1.8173586363736272
1019,stop_sign,1.8288501454110455
1020,brake_light,1.8460052765034247
1021,stove,1.7817556343866654
1022,strainer,1.7207700728136093
1023,strap,1.9201560836355047
1024,straw_(for_drinking),1.7866969694535633
1025,strawberry,1.847325807080957
1026,street_sign,1.9005995579975603
1027,streetlight,1.918059960905992
1028,string_cheese,1.0
1029,stylus,1.538437852075194
1030,subwoofer,1.0
1031,sugar_bowl,1.7103980767958862
1032,sugarcane_(plant),1.4016602515293428
1033,suit_(clothing),1.7786368527189804
1034,sunflower,1.8069895439440424
1035,sunglasses,1.9600255912943267
1036,sunhat,1.8063250609302581
1037,surfboard,1.9308915486290235
1038,sushi,1.788955544648978
1039,mop,1.7268586790228584
1040,sweat_pants,1.672285301530791
1041,sweatband,1.713646699572584
1042,sweater,1.8594445260924612
1043,sweatshirt,1.830660800575775
1044,sweet_potato,1.6468974212256398
1045,swimsuit,1.8956181538073769
1046,sword,1.6827771645282796
1047,syringe,1.7923031029555614
1048,Tabasco_sauce,1.823080212028831
1049,table-tennis_table,1.2679839343337993
1050,table,1.5461421368721586
1051,table_lamp,1.6662611066852806
1052,tablecloth,1.5676059141533174
1053,tachometer,1.4832243002908414
1054,taco,1.4577666109782843
1055,tag,1.8857611969711852
1056,taillight,1.9379168134458853
1057,tambourine,1.0
1058,army_tank,1.6131721801315062
1059,tank_(storage_vessel),1.7478862957403953
1060,tank_top_(clothing),1.858158916264364
1061,tape_(sticky_cloth_or_paper),1.7715696585699119
1062,tape_measure,1.764748866133075
1063,tapestry,1.6224864822127008
1064,tarp,1.8231555864919295
1065,tartan,1.6940367786933463
1066,tassel,1.735969662695144
1067,tea_bag,1.6892817898490549
1068,teacup,1.7071570085282586
1069,teakettle,1.7030821887412944
1070,teapot,1.7547529027129039
1071,teddy_bear,1.8981479524277192
1072,telephone,1.8260095719957397
1073,telephone_booth,1.7353130329400261
1074,telephone_pole,1.8941251242886699
1075,telephoto_lens,1.0
1076,television_camera,1.7687654889562157
1077,television_set,1.8907575186026906
1078,tennis_ball,1.8321349296165708
1079,tennis_racket,1.8804315054468872
1080,tequila,1.0
1081,thermometer,1.7126298873386416
1082,thermos_bottle,1.7259394268689858
1083,thermostat,1.7471072896022852
1084,thimble,1.8232680074751175
1085,thread,1.7670232296896407
1086,thumbtack,1.7732098938653449
1087,tiara,1.5588379795094363
1088,tiger,1.6575711850184214
1089,tights_(clothing),1.5603243677293392
1090,timer,1.7073982137607122
1091,tinfoil,1.725629331483289
1092,tinsel,1.7527907308040134
1093,tissue_paper,1.7187904268675473
1094,toast_(food),1.6786756169481096
1095,toaster,1.7230422343250633
1096,toaster_oven,1.6556309074839533
1097,toilet,1.918932552342937
1098,toilet_tissue,1.8354158270109884
1099,tomato,1.9239110350974613
1100,tongs,1.769804102321247
1101,toolbox,1.7113462069840093
1102,toothbrush,1.8529369426552855
1103,toothpaste,1.7677020597537463
1104,toothpick,1.7862776881736182
1105,cover,1.7716657493308179
1106,tortilla,1.6787065427936274
1107,tow_truck,1.458804241068008
1108,towel,1.8501983176179762
1109,towel_rack,1.8343795498418896
1110,toy,1.8475700248070008
1111,tractor_(farm_equipment),1.6869112840213347
1112,traffic_light,1.9122682015273234
1113,dirt_bike,1.588503751233028
1114,trailer_truck,1.7536617821246132
1115,train_(railroad_vehicle),1.845366503159514
1116,trampoline,1.766954178207655
1117,tray,1.7958982054066874
1118,trench_coat,1.559968113753539
1119,triangle_(musical_instrument),1.0
1120,tricycle,1.7180537424834976
1121,tripod,1.7525275464224346
1122,trousers,1.9287884887142226
1123,truck,1.8482042100253209
1124,truffle_(chocolate),1.5081700210561022
1125,trunk,1.7668364515624242
1126,vat,1.5257538056647404
1127,turban,1.7520866216519106
1128,turkey_(food),1.714658447321359
1129,turnip,1.66994956701055
1130,turtle,1.711358325151408
1131,turtleneck_(clothing),1.6171208199396596
1132,typewriter,1.6984026823902219
1133,umbrella,1.9286550030355105
1134,underwear,1.7150811543259945
1135,unicycle,1.0
1136,urinal,1.7911074700674665
1137,urn,1.7080545423102313
1138,vacuum_cleaner,1.7434690329199156
1139,vase,1.8793824171389053
1140,vending_machine,1.6812766413535503
1141,vent,1.839022535956062
1142,vest,1.8482810594281602
1143,videotape,1.6833903501383007
1144,vinegar,1.0
1145,violin,1.5112823779993452
1146,vodka,1.0
1147,volleyball,1.672035877778792
1148,vulture,1.580953341524661
1149,waffle,1.630749822036154
1150,waffle_iron,1.6827711725224392
1151,wagon,1.681379467940883
1152,wagon_wheel,1.7489204736797244
1153,walking_stick,1.5086649151893172
1154,wall_clock,1.7528718170055893
1155,wall_socket,1.8724456591005865
1156,wallet,1.7465630317887952
1157,walrus,1.0
1158,wardrobe,1.0
1159,washbasin,1.6785888982729593
1160,automatic_washer,1.693779239505313
1161,watch,1.8898424246508487
1162,water_bottle,1.8077972050100204
1163,water_cooler,1.695990790958827
1164,water_faucet,1.6912837630077973
1165,water_heater,1.3610147382239535
1166,water_jug,1.4345027174049405
1167,water_gun,1.0
1168,water_scooter,1.6168887079498306
1169,water_ski,1.6152981782766505
1170,water_tower,1.7453373977737807
1171,watering_can,1.565998902057417
1172,watermelon,1.7792217072048762
1173,weathervane,1.6776821072172332
1174,webcam,1.636015131617838
1175,wedding_cake,1.6805430154728977
1176,wedding_ring,1.641349919553579
1177,wet_suit,1.90746594389836
1178,wheel,1.969549204243319
1179,wheelchair,1.7047733508210148
1180,whipped_cream,1.7320907407810844
1181,whistle,1.733109903359658
1182,wig,1.6722013113863388
1183,wind_chime,1.6102247894092385
1184,windmill,1.7173764827498008
1185,window_box_(for_plants),1.7843522984397353
1186,windshield_wiper,1.9274046278102452
1187,windsock,1.6477795329822946
1188,wine_bottle,1.8764785717872252
1189,wine_bucket,1.6606910113245796
1190,wineglass,1.878783005670918
1191,blinder_(for_horses),1.7513127351834243
1192,wok,1.5342343064234654
1193,wolf,1.5991939617728081
1194,wooden_spoon,1.6994195905429197
1195,wreath,1.746038605243387
1196,wrench,1.6811969178628023
1197,wristband,1.7473912478455484
1198,wristlet,1.8423907625995135
1199,yacht,1.6430561002115533
1200,yogurt,1.709456841246229
1201,yoke_(animal_equipment),1.5127099289048012
1202,zebra,1.935552288667699
1203,zucchini,1.80822816847515
